experiment,group,scale_factor,alpha,mae,rmse,features,residual_blocks,model,patience,lr,wd,soft,hard,version,resampling,data,parameters,exp_group,config_file_name
409,1,4,,0.02554,0.03352,128,64,EDSR,15,0.0001,0.00001,0,0,mae,average,ReKIS,21402113,1,config_res_4_u.yaml
410,1,5,,0.025,0.03158,128,64,EDSR,15,0.0001,0.00001,0,0,mae,average,ReKIS,21402113,1,config_res_5_u.yaml
411,1,8,,0.02737,0.03672,128,64,EDSR,15,0.0001,0.00001,0,0,mae,average,ReKIS,21402113,1,config_res_8_u.yaml
464,1,10,,0.02737,0.03672,128,64,EDSR,15,0.0001,0.00001,0,0,mae,average,ReKIS,21402113,1,config_res_10_u.yaml
412,1,16,,0.03569,0.05092,128,64,EDSR,15,0.0001,0.00001,0,0,mae,average,ReKIS,21402113,1,config_res_16_u.yaml
413,1,20,,0.02745,0.0362,128,64,EDSR,15,0.0001,0.00001,0,0,mae,average,ReKIS,21402113,1,config_res_20_u.yaml
415,1,25,,0.03116,0.04686,128,64,EDSR,15,0.0001,0.00001,0,0,mae,average,ReKIS,21402113,1,config_res_25_u.yaml
414,1,40,,0.04789,0.07442,128,64,EDSR,15,0.0001,0.00001,0,0,mae,average,ReKIS,21402113,1,config_res_40_u.yaml
416,1,50,,0.05892,0.09544,128,64,EDSR,15,0.0001,0.00001,0,0,mae,average,ReKIS,21402113,1,config_res_50_u.yaml
417,1,80,,0.13274,0.20137,128,64,EDSR,15,0.0001,0.00001,0,0,mae,average,ReKIS,21402113,1,config_res_80_u.yaml
418,1,100,,0.17918,0.26368,128,64,EDSR,15,0.0001,0.00001,0,0,mae,average,ReKIS,21402113,1,config_res_100_u.yaml
419,1,200,,0.40947,0.57664,128,64,EDSR,15,0.0001,0.00001,0,0,mae,average,ReKIS,21402113,1,config_res_200_u.yaml
420,1,400,,0.79405,1.08361,128,64,EDSR,15,0.0001,0.00001,0,0,mae,average,ReKIS,21402113,1,config_res_400_u.yaml
465,1,4,,0.02726,0.03623,128,64,EDSR,15,0.0001,0.00001,0,0,mae,cubic_spline,ReKIS,21402113,1,config_res_4_u.yaml
466,1,5,,0.02486,0.03142,128,64,EDSR,15,0.0001,0.00001,0,0,mae,cubic_spline,ReKIS,21402113,1,config_res_5_u.yaml
467,1,8,,0.02999,0.04023,128,64,EDSR,15,0.0001,0.00001,0,0,mae,cubic_spline,ReKIS,21402113,1,config_res_8_u.yaml
468,1,10,,0.02552,0.03083,128,64,EDSR,15,0.0001,0.00001,0,0,mae,cubic_spline,ReKIS,21402113,1,config_res_10_u.yaml
469,1,16,,0.02983,0.04135,128,64,EDSR,15,0.0001,0.00001,0,0,mae,cubic_spline,ReKIS,21402113,1,config_res_16_u.yaml
470,1,20,,0.03262,0.04702,128,64,EDSR,15,0.0001,0.00001,0,0,mae,cubic_spline,ReKIS,21402113,1,config_res_20_u.yaml
471,1,25,,0.03179,0.0481,128,64,EDSR,15,0.0001,0.00001,0,0,mae,cubic_spline,ReKIS,21402113,1,config_res_25_u.yaml
472,1,40,,0.04944,0.07582,128,64,EDSR,15,0.0001,0.00001,0,0,mae,cubic_spline,ReKIS,21402113,1,config_res_40_u.yaml
473,1,50,,0.05811,0.09213,128,64,EDSR,15,0.0001,0.00001,0,0,mae,cubic_spline,ReKIS,21402113,1,config_res_50_u.yaml
474,1,80,,0.13035,0.19673,128,64,EDSR,15,0.0001,0.00001,0,0,mae,cubic_spline,ReKIS,21402113,1,config_res_80_u.yaml
475,1,100,,0.17414,0.25454,128,64,EDSR,15,0.0001,0.00001,0,0,mae,cubic_spline,ReKIS,21402113,1,config_res_100_u.yaml
476,1,200,,0.40913,0.57639,128,64,EDSR,15,0.0001,0.00001,0,0,mae,cubic_spline,ReKIS,21402113,1,config_res_200_u.yaml
477,1,400,,0.79101,1.0856,128,64,EDSR,15,0.0001,0.00001,0,0,mae,cubic_spline,ReKIS,21402113,1,config_res_400_u.yaml
529,2,4,0.0001,0.03182,0.04293,128,64,EDSR,15,0.0001,0.00001,1,0,mse,average,ReKIS,21402113,1,config_res_4_s.yaml
530,2,5,0.0001,0.02602,0.03417,128,64,EDSR,15,0.0001,0.00001,1,0,mse,average,ReKIS,21402113,1,config_res_5_s.yaml
531,2,8,0.0001,0.03871,0.05404,128,64,EDSR,15,0.0001,0.00001,1,0,mse,average,ReKIS,21402113,1,config_res_8_s.yaml
532,2,10,0.0001,0.03165,0.04432,128,64,EDSR,15,0.0001,0.00001,1,0,mse,average,ReKIS,21402113,1,config_res_10_s.yaml
533,2,16,0.0001,0.0278,0.0378,128,64,EDSR,15,0.0001,0.00001,1,0,mse,average,ReKIS,21402113,1,config_res_16_s.yaml
534,2,20,0.0001,0.03458,0.04869,128,64,EDSR,15,0.0001,0.00001,1,0,mse,average,ReKIS,21402113,1,config_res_20_s.yaml
535,2,25,0.0001,0.02816,0.03783,128,64,EDSR,15,0.0001,0.00001,1,0,mse,average,ReKIS,21402113,1,config_res_25_s.yaml
538,2,40,0.0001,0.04724,0.0731,128,64,EDSR,15,0.0001,0.00001,1,0,mse,average,ReKIS,21402113,1,config_res_40_s.yaml
536,2,50,0.0001,0.05642,0.09227,128,64,EDSR,15,0.0001,0.00001,1,0,mse,average,ReKIS,21402113,1,config_res_50_s.yaml
537,2,80,0.0001,0.13281,0.20152,128,64,EDSR,15,0.0001,0.00001,1,0,mse,average,ReKIS,21402113,1,config_res_80_s.yaml
539,2,100,0.0001,0.17894,0.26257,128,64,EDSR,15,0.0001,0.00001,1,0,mse,average,ReKIS,21402113,1,config_res_100_s.yaml
540,2,200,0.0001,0.40647,0.57267,128,64,EDSR,15,0.0001,0.00001,1,0,mse,average,ReKIS,21402113,1,config_res_200_s.yaml
541,2,400,0.0001,0.79434,1.08423,128,64,EDSR,15,0.0001,0.00001,1,0,mse,average,ReKIS,21402113,1,config_res_400_s.yaml
542,2,4,0.0001,0.02501,0.03181,128,64,EDSR,15,0.0001,0.00001,1,0,mse,cubic_spline,ReKIS,21402113,1,config_res_4_s.yaml
557,2,5,0.0001,0.02501,0.03181,128,64,EDSR,15,0.0001,0.00001,1,0,mse,cubic_spline,ReKIS,21402113,1,config_res_5_s.yaml
543,2,8,0.0001,0.04058,0.05503,128,64,EDSR,15,0.0001,0.00001,1,0,mse,cubic_spline,ReKIS,21402113,1,config_res_8_s.yaml
544,2,10,0.0001,0.02819,0.03789,128,64,EDSR,15,0.0001,0.00001,1,0,mse,cubic_spline,ReKIS,21402113,1,config_res_10_s.yaml
545,2,16,0.0001,0.04191,0.05855,128,64,EDSR,15,0.0001,0.00001,1,0,mse,cubic_spline,ReKIS,21402113,1,config_res_16_s.yaml
546,2,20,0.0001,0.03251,0.04664,128,64,EDSR,15,0.0001,0.00001,1,0,mse,cubic_spline,ReKIS,21402113,1,config_res_20_s.yaml
547,2,25,0.0001,0.03185,0.04831,128,64,EDSR,15,0.0001,0.00001,1,0,mse,cubic_spline,ReKIS,21402113,1,config_res_25_s.yaml
554,2,40,0.0001,0.04344,0.06808,128,64,EDSR,15,0.0001,0.00001,1,0,mse,cubic_spline,ReKIS,21402113,1,config_res_40_s.yaml
555,2,50,0.0001,0.05982,0.09428,128,64,EDSR,15,0.0001,0.00001,1,0,mse,cubic_spline,ReKIS,21402113,1,config_res_50_s.yaml
556,2,80,0.0001,0.13132,0.19768,128,64,EDSR,15,0.0001,0.00001,1,0,mse,cubic_spline,ReKIS,21402113,1,config_res_80_s.yaml
551,2,100,0.0001,0.1754,0.25527,128,64,EDSR,15,0.0001,0.00001,1,0,mse,cubic_spline,ReKIS,21402113,1,config_res_100_s.yaml
552,2,200,0.0001,0.40565,0.57342,128,64,EDSR,15,0.0001,0.00001,1,0,mse,cubic_spline,ReKIS,21402113,1,config_res_200_s.yaml
553,2,400,0.0001,0.7909,1.08537,128,64,EDSR,15,0.0001,0.00001,1,0,mse,cubic_spline,ReKIS,21402113,1,config_res_400_s.yaml
451,10,4,,0.02473,0.0312,128,64,EDSR,15,0.0002,0.00001,0,1,mae,average,ReKIS,21402113,1,config_res_4_h.yaml
452,10,5,,0.02552,0.03247,128,64,EDSR,15,0.0002,0.00001,0,1,mae,average,ReKIS,21402113,1,config_res_5_h.yaml
453,10,8,,0.02566,0.03128,128,64,EDSR,15,0.0002,0.00001,0,1,mae,average,ReKIS,21402113,1,config_res_8_h.yaml
454,10,10,,0.02565,0.03078,128,64,EDSR,15,0.0002,0.00001,0,1,mae,average,ReKIS,21402113,1,config_res_10_h.yaml
455,10,16,,0.02623,0.03193,128,64,EDSR,15,0.0002,0.00001,0,1,mae,average,ReKIS,21402113,1,config_res_16_h.yaml
456,10,20,,0.02678,0.03377,128,64,EDSR,15,0.0002,0.00001,0,1,mae,average,ReKIS,21402113,1,config_res_20_h.yaml
457,10,25,,0.02825,0.03772,128,64,EDSR,15,0.0002,0.00001,0,1,mae,average,ReKIS,21402113,1,config_res_25_h.yaml
458,10,40,,0.04,0.06515,128,64,EDSR,15,0.0002,0.00001,0,1,mae,average,ReKIS,21402113,1,config_res_40_h.yaml
459,10,50,,0.05444,0.08976,128,64,EDSR,15,0.0002,0.00001,0,1,mae,average,ReKIS,21402113,1,config_res_50_h.yaml
460,10,80,,0.1287,0.19786,128,64,EDSR,15,0.0002,0.00001,0,1,mae,average,ReKIS,21402113,1,config_res_80_h.yaml
461,10,100,,0.1747,0.25946,128,64,EDSR,15,0.0002,0.00001,0,1,mae,average,ReKIS,21402113,1,config_res_100_h.yaml
462,10,200,,0.40558,0.5703,128,64,EDSR,15,0.0002,0.00001,0,1,mae,average,ReKIS,21402113,1,config_res_200_h.yaml
463,10,400,,0.79194,1.08279,128,64,EDSR,15,0.0002,0.00001,0,1,mae,average,ReKIS,21402113,1,config_res_400_h.yaml
491,10,4,,0.05157,0.0896,128,64,EDSR,15,0.0002,0.00001,0,1,mae,cubic_spline,ReKIS,21402113,1,config_res_4_h.yaml
492,10,5,,0.05491,0.09521,128,64,EDSR,15,0.0002,0.00001,0,1,mae,cubic_spline,ReKIS,21402113,1,config_res_5_h.yaml
493,10,8,,0.06233,0.11057,128,64,EDSR,15,0.0002,0.00001,0,1,mae,cubic_spline,ReKIS,21402113,1,config_res_8_h.yaml
494,10,10,,0.06542,0.11422,128,64,EDSR,15,0.0002,0.00001,0,1,mae,cubic_spline,ReKIS,21402113,1,config_res_10_h.yaml
495,10,16,,0.08353,0.1475,128,64,EDSR,15,0.0002,0.00001,0,1,mae,cubic_spline,ReKIS,21402113,1,config_res_16_h.yaml
496,10,20,,0.09295,0.15784,128,64,EDSR,15,0.0002,0.00001,0,1,mae,cubic_spline,ReKIS,21402113,1,config_res_20_h.yaml
497,10,25,,0.1054,0.17188,128,64,EDSR,15,0.0002,0.00001,0,1,mae,cubic_spline,ReKIS,21402113,1,config_res_25_h.yaml
498,10,40,,0.14293,0.21509,128,64,EDSR,15,0.0002,0.00001,0,1,mae,cubic_spline,ReKIS,21402113,1,config_res_40_h.yaml
499,10,50,,0.17921,0.26562,128,64,EDSR,15,0.0002,0.00001,0,1,mae,cubic_spline,ReKIS,21402113,1,config_res_50_h.yaml
632,10,80,,0.23788,0.33252,128,64,EDSR,15,0.0002,0.00001,0,1,mae,cubic_spline,ReKIS,21402113,1,config_res_80_h.yaml
633,10,100,,0.29919,0.40533,128,64,EDSR,15,0.0002,0.00001,0,1,mae,cubic_spline,ReKIS,21402113,1,config_res_100_h.yaml
634,10,200,,0.49788,0.68918,128,64,EDSR,15,0.0002,0.00001,0,1,mae,cubic_spline,ReKIS,21402113,1,config_res_200_h.yaml
635,10,400,,0.79005,1.08395,128,64,EDSR,15,0.0002,0.00001,0,1,mae,cubic_spline,ReKIS,21402113,1,config_res_400_h.yaml
629,10,16,,0.02603,0.0315,128,64,EDSR,15,0.0001,0.00001,0,1,mae,average,ReKIS,21402113,2,config_hard_add.yaml
630,11,16,,0.14764,0.25448,128,64,EDSR,15,0.0001,0.00001,0,1,mae,average,ReKIS,21402113,2,config_hard_mult.yaml
631,12,16,,0.03481,0.07369,128,64,EDSR,15,0.0001,0.00001,0,1,mae,average,ReKIS,21402113,2,config_hard_sm.yaml
504,2,16,0.0001,0.03776,0.05392,128,64,EDSR,15,0.0001,0.00001,1,0,mae,average,ReKIS,21402113,3,config_soft_2.yaml
505,2,16,0.0001,0.0278,0.0378,128,64,EDSR,15,0.0001,0.00001,1,0,mse,average,ReKIS,21402113,3,config_soft_2_mse.yaml
506,3,16,0.0001,0.02709,0.0358,128,64,EDSR,15,0.0001,0.00001,1,0,mae,average,ReKIS,21402113,3,config_soft_3.yaml
507,3,16,0.0001,0.04662,0.06364,128,64,EDSR,15,0.0001,0.00001,1,0,mse,average,ReKIS,21402113,3,config_soft_3_mse.yaml
508,4,16,0.0001,0.0304,0.0432,128,64,EDSR,15,0.0001,0.00001,1,0,mae,average,ReKIS,21402113,3,config_soft_4.yaml
509,4,16,0.0001,0.4159,0.0594,128,64,EDSR,15,0.0001,0.00001,1,0,mse,average,ReKIS,21402113,3,config_soft_4_mse.yaml
510,5,16,0.0001,0.03032,0.04301,128,64,EDSR,15,0.0001,0.00001,1,0,mae,average,ReKIS,21402113,3,config_soft_5.yaml
511,5,16,0.0001,0.04211,0.0583,128,64,EDSR,15,0.0001,0.00001,1,0,mse,average,ReKIS,21402113,3,config_soft_5_mse.yaml
559,6,16,0.0001,0.02762,0.0375,128,64,EDSR,15,0.0001,0.00001,1,0,mae,average,ReKIS,21402113,3,config_soft_6.yaml
560,6,16,0.0001,0.03812,0.05429,128,64,EDSR,15,0.0001,0.00001,1,0,mse,average,ReKIS,21402113,3,config_soft_6_mse.yaml
514,7,16,0.0001,0.0452,0.06299,128,64,EDSR,15,0.0001,0.00001,1,0,mae,average,ReKIS,21402113,3,config_soft_7.yaml
515,7,16,0.0001,0.03959,0.05652,128,64,EDSR,15,0.0001,0.00001,1,0,mse,average,ReKIS,21402113,3,config_soft_7_mse.yaml
561,8,16,0.0001,0.05167,0.07144,128,64,EDSR,15,0.0001,0.00001,1,0,mae,average,ReKIS,21402113,3,config_soft_8.yaml
562,8,16,0.0001,0.03071,0.04287,128,64,EDSR,15,0.0001,0.00001,1,0,mse,average,ReKIS,21402113,3,config_soft_8_mse.yaml
516,3,16,1,2.91212,4.2134,128,64,EDSR,15,0.0001,0.00001,1,0,mae,average,ReKIS,21402113,4,config_soft_2_a1.yaml
517,3,16,0.9999,0.33783,0.65158,128,64,EDSR,15,0.0001,0.00001,1,0,mae,average,ReKIS,21402113,4,config_soft_2_a9999e-4.yaml
518,3,16,0.999,0.18782,0.31223,128,64,EDSR,15,0.0001,0.00001,1,0,mae,average,ReKIS,21402113,4,config_soft_2_a999e-3.yaml
519,3,16,0.99,0.16098,0.27225,128,64,EDSR,15,0.0001,0.00001,1,0,mae,average,ReKIS,21402113,4,config_soft_2_a99e-2.yaml
520,3,16,0.9,0.03794,0.05481,128,64,EDSR,15,0.0001,0.00001,1,0,mae,average,ReKIS,21402113,4,config_soft_2_a9e-1.yaml
521,3,16,0.5,0.0291,0.04008,128,64,EDSR,15,0.0001,0.00001,1,0,mae,average,ReKIS,21402113,4,config_soft_2_a5e-1.yaml
522,3,16,0.1,0.03978,0.05556,128,64,EDSR,15,0.0001,0.00001,1,0,mae,average,ReKIS,21402113,4,config_soft_2_a1e-1.yaml
523,3,16,0.01,0.05832,0.08171,128,64,EDSR,15,0.0001,0.00001,1,0,mae,average,ReKIS,21402113,4,config_soft_2_a1e-2.yaml
524,3,16,0.001,0.0281,0.03862,128,64,EDSR,15,0.0001,0.00001,1,0,mae,average,ReKIS,21402113,4,config_soft_2_a1e-3.yaml
525,3,16,0.0001,0.02709,0.0358,128,64,EDSR,15,0.0001,0.00001,1,0,mae,average,ReKIS,21402113,4,config_soft_2_a1e-4.yaml
526,3,16,0,0.03569,0.05092,128,64,EDSR,15,0.0001,0.00001,1,0,mae,average,ReKIS,21402113,4,config_soft_2_a0.yaml
527,3,16,0.99999,2.82308,4.08568,128,64,EDSR,15,0.0001,0.00001,1,0,mae,average,ReKIS,21402113,4,config_soft_2_a99999e-5.yaml
528,3,16,0.00001,0.02975,0.04134,128,64,EDSR,15,0.0001,0.00001,1,0,mae,average,ReKIS,21402113,4,config_soft_2_a1e-5.yaml
248,1,16,,0.17693,0.30038,1,1,EDSR,10,0.0001,0.00001,0,0,mae,average,ReKIS,210,5,config_baseline_f1_r1.yaml
249,1,16,,0.17665,0.29979,1,2,EDSR,10,0.0001,0.00001,0,0,mae,average,ReKIS,230,5,config_baseline_f1_r2.yaml
250,1,16,,0.17419,0.29574,1,4,EDSR,10,0.0001,0.00001,0,0,mae,average,ReKIS,270,5,config_baseline_f1_r4.yaml
253,1,16,,0.17532,0.29723,1,8,EDSR,10,0.0001,0.00001,0,0,mae,average,ReKIS,350,5,config_baseline_f1_r8.yaml
254,1,16,,0.17346,0.30035,1,16,EDSR,10,0.0001,0.00001,0,0,mae,average,ReKIS,510,5,config_baseline_f1_r16.yaml
255,1,16,,0.17602,0.30147,1,32,EDSR,10,0.0001,0.00001,0,0,mae,average,ReKIS,830,5,config_baseline_f1_r32.yaml
256,1,16,,0.16087,0.2829,1,64,EDSR,10,0.0001,0.00001,0,0,mae,average,ReKIS,1470,5,config_baseline_f1_r64.yaml
350,1,16,,0.14566,0.24986,1,128,EDSR,10,0.0001,0.00001,0,0,mae,average,ReKIS,2750,5,config_baseline_f1_r128.yaml
257,1,16,,0.15482,0.26613,2,1,EDSR,10,0.0001,0.00001,0,0,mae,average,ReKIS,761,5,config_baseline_f2_r1.yaml
258,1,16,,0.1544,0.2661,2,2,EDSR,10,0.0001,0.00001,0,0,mae,average,ReKIS,837,5,config_baseline_f2_r2.yaml
259,1,16,,0.15469,0.26745,2,4,EDSR,10,0.0001,0.00001,0,0,mae,average,ReKIS,989,5,config_baseline_f2_r4.yaml
260,1,16,,0.14523,0.24653,2,8,EDSR,10,0.0001,0.00001,0,0,mae,average,ReKIS,1293,5,config_baseline_f2_r8.yaml
261,1,16,,0.15265,0.26411,2,16,EDSR,10,0.0001,0.00001,0,0,mae,average,ReKIS,1901,5,config_baseline_f2_r16.yaml
262,1,16,,0.14554,0.25158,2,32,EDSR,10,0.0001,0.00001,0,0,mae,average,ReKIS,3117,5,config_baseline_f2_r32.yaml
263,1,16,,0.14741,0.25227,2,64,EDSR,10,0.0001,0.00001,0,0,mae,average,ReKIS,5549,5,config_baseline_f2_r64.yaml
397,1,16,,0.14566,0.24986,2,128,EDSR,10,0.0001,0.00001,0,0,mae,average,ReKIS,10413,5,config_baseline_f2_r128.yaml
264,1,16,,0.15016,0.25667,4,1,EDSR,10,0.0001,0.00001,0,0,mae,average,ReKIS,2889,5,config_baseline_f4_r1.yaml
265,1,16,,0.14458,0.24436,4,2,EDSR,10,0.0001,0.00001,0,0,mae,average,ReKIS,3185,5,config_baseline_f4_r2.yaml
266,1,16,,0.14082,0.23788,4,4,EDSR,10,0.0001,0.00001,0,0,mae,average,ReKIS,3777,5,config_baseline_f4_r4.yaml
267,1,16,,0.138,0.23328,4,8,EDSR,10,0.0001,0.00001,0,0,mae,average,ReKIS,4961,5,config_baseline_f4_r8.yaml
269,1,16,,0.13505,0.2293,4,16,EDSR,10,0.0001,0.00001,0,0,mae,average,ReKIS,7329,5,config_baseline_f4_r16.yaml
268,1,16,,0.13022,0.22293,4,32,EDSR,10,0.0001,0.00001,0,0,mae,average,ReKIS,12065,5,config_baseline_f4_r32.yaml
270,1,16,,0.12803,0.22219,4,64,EDSR,10,0.0001,0.00001,0,0,mae,average,ReKIS,21537,5,config_baseline_f4_r64.yaml
351,1,16,,0.13026,0.2266,4,128,EDSR,10,0.0001,0.00001,0,0,mae,average,ReKIS,40481,5,config_baseline_f4_r128.yaml
271,1,16,,0.11905,0.19663,8,1,EDSR,10,0.0001,0.00001,0,0,mae,average,ReKIS,11249,5,config_baseline_f8_r1.yaml
272,1,16,,0.121,0.20037,8,2,EDSR,10,0.0001,0.00001,0,0,mae,average,ReKIS,12417,5,config_baseline_f8_r2.yaml
273,1,16,,0.10686,0.17807,8,4,EDSR,10,0.0001,0.00001,0,0,mae,average,ReKIS,14753,5,config_baseline_f8_r4.yaml
299,1,16,,0.10442,0.17583,8,8,EDSR,10,0.0001,0.00001,0,0,mae,average,ReKIS,19425,5,config_baseline_f8_r8.yaml
300,1,16,,0.10239,0.17342,8,16,EDSR,10,0.0001,0.00001,0,0,mae,average,ReKIS,28769,5,config_baseline_f8_r16.yaml
286,1,16,,0.09602,0.16227,8,32,EDSR,10,0.0001,0.00001,0,0,mae,average,ReKIS,47457,5,config_baseline_f8_r32.yaml
287,1,16,,0.10242,0.17563,8,64,EDSR,10,0.0001,0.00001,0,0,mae,average,ReKIS,84833,5,config_baseline_f8_r64.yaml
352,1,16,,0.10484,0.18032,8,128,EDSR,10,0.0001,0.00001,0,0,mae,average,ReKIS,159585,5,config_baseline_f8_r128.yaml
288,1,16,,0.09329,0.14819,16,1,EDSR,10,0.0001,0.00001,0,0,mae,average,ReKIS,44385,5,config_baseline_f16_r1.yaml
290,1,16,,0.08059,0.12815,16,2,EDSR,10,0.0001,0.00001,0,0,mae,average,ReKIS,49025,5,config_baseline_f16_r2.yaml
292,1,16,,0.07202,0.11588,16,4,EDSR,10,0.0001,0.00001,0,0,mae,average,ReKIS,58305,5,config_baseline_f16_r4.yaml
295,1,16,,0.06632,0.10726,16,8,EDSR,10,0.0001,0.00001,0,0,mae,average,ReKIS,76865,5,config_baseline_f16_r8.yaml
296,1,16,,0.06426,0.10449,16,16,EDSR,10,0.0001,0.00001,0,0,mae,average,ReKIS,113985,5,config_baseline_f16_r16.yaml
297,1,16,,0.06577,0.1079,16,32,EDSR,10,0.0001,0.00001,0,0,mae,average,ReKIS,188225,5,config_baseline_f16_r32.yaml
298,1,16,,0.06992,0.1166,16,64,EDSR,10,0.0001,0.00001,0,0,mae,average,ReKIS,336705,5,config_baseline_f16_r64.yaml
353,1,16,,0.07482,0.1261,16,128,EDSR,10,0.0001,0.00001,0,0,mae,average,ReKIS,633665,5,config_baseline_f16_r128.yaml
276,1,16,,0.06097,0.09556,32,1,EDSR,10,0.0001,0.00001,0,0,mae,average,ReKIS,176321,5,config_baseline_f32_r1.yaml
277,1,16,,0.05525,0.08535,32,2,EDSR,10,0.0001,0.00001,0,0,mae,average,ReKIS,194817,5,config_baseline_f32_r2.yaml
278,1,16,,0.03887,0.05762,32,4,EDSR,10,0.0001,0.00001,0,0,mae,average,ReKIS,231809,5,config_baseline_f32_r4.yaml
279,1,16,,0.03615,0.05257,32,8,EDSR,10,0.0001,0.00001,0,0,mae,average,ReKIS,305793,5,config_baseline_f32_r8.yaml
280,1,16,,0.04053,0.06003,32,16,EDSR,10,0.0001,0.00001,0,0,mae,average,ReKIS,453761,5,config_baseline_f32_r16.yaml
281,1,16,,0.03758,0.05448,32,32,EDSR,10,0.0001,0.00001,0,0,mae,average,ReKIS,749697,5,config_baseline_f32_r32.yaml
282,1,16,,0.0415,0.06191,32,64,EDSR,10,0.0001,0.00001,0,0,mae,average,ReKIS,1341569,5,config_baseline_f32_r64.yaml
361,1,16,,0.05344,0.08578,32,128,EDSR,10,0.0001,0.00001,0,0,mae,average,ReKIS,2525313,5,config_baseline_f32_r128.yaml
283,1,16,,0.04983,0.07557,64,1,EDSR,10,0.0001,0.00001,0,0,mae,average,ReKIS,702849,5,config_baseline_f64_r1.yaml
284,1,16,,0.03634,0.05467,64,2,EDSR,10,0.0001,0.00001,0,0,mae,average,ReKIS,776705,5,config_baseline_f64_r2.yaml
285,1,16,,0.04143,0.06171,64,4,EDSR,10,0.0001,0.00001,0,0,mae,average,ReKIS,924417,5,config_baseline_f64_r4.yaml
289,1,16,,0.05764,0.08744,64,8,EDSR,10,0.0001,0.00001,0,0,mae,average,ReKIS,1219841,5,config_baseline_f64_r8.yaml
291,1,16,,0.04154,0.06061,64,16,EDSR,10,0.0001,0.00001,0,0,mae,average,ReKIS,1810689,5,config_baseline_f64_r16.yaml
293,1,16,,0.03556,0.05143,64,32,EDSR,10,0.0001,0.00001,0,0,mae,average,ReKIS,2992385,5,config_baseline_f64_r32.yaml
294,1,16,,0.03949,0.05624,64,64,EDSR,10,0.0001,0.00001,0,0,mae,average,ReKIS,5355777,5,config_baseline_f64_r64.yaml
362,1,16,,0.03774,0.05317,64,128,EDSR,10,0.0001,0.00001,0,0,mae,average,ReKIS,10082561,5,config_baseline_f64_r128.yaml
367,1,16,,0.04764,0.07158,128,1,EDSR,10,0.0001,0.00001,0,0,mae,average,ReKIS,2806529,5,config_baseline_f128_r1.yaml
368,1,16,,0.03569,0.05343,128,2,EDSR,10,0.0001,0.00001,0,0,mae,average,ReKIS,3101697,5,config_baseline_f128_r2.yaml
369,1,16,,0.03364,0.05026,128,4,EDSR,10,0.0001,0.00001,0,0,mae,average,ReKIS,3692033,5,config_baseline_f128_r4.yaml
370,1,16,,0.0552,0.08093,128,8,EDSR,10,0.0001,0.00001,0,0,mae,average,ReKIS,4872705,5,config_baseline_f128_r8.yaml
371,1,16,,0.03075,0.04456,128,16,EDSR,10,0.0001,0.00001,0,0,mae,average,ReKIS,7234049,5,config_baseline_f128_r16.yaml
372,1,16,,0.08095,0.10898,128,32,EDSR,10,0.0001,0.00001,0,0,mae,average,ReKIS,11956737,5,config_baseline_f128_r32.yaml
627,1,16,,0.05287,0.07549,128,64,EDSR,10,0.0001,0.00001,0,0,mae,average,ReKIS,21402113,5,config_baseline_f128_r64.yaml
373,1,16,,0.07184,0.10362,128,128,EDSR,10,0.0001,0.00001,0,0,mae,average,ReKIS,40292865,5,config_baseline_f128_r128.yaml
564,2,16,0.0001,0.17693,0.30038,1,1,EDSR,10,0.0001,0.00001,1,0,mse,average,ReKIS,210,5,config_soft_f1_r1.yaml
565,2,16,0.0001,0.17671,0.2999,1,2,EDSR,10,0.0001,0.00001,1,0,mse,average,ReKIS,230,5,config_soft_f1_r2.yaml
566,2,16,0.0001,0.17419,0.29574,1,4,EDSR,10,0.0001,0.00001,1,0,mse,average,ReKIS,270,5,config_soft_f1_r4.yaml
567,2,16,0.0001,0.17535,0.29725,1,8,EDSR,10,0.0001,0.00001,1,0,mse,average,ReKIS,350,5,config_soft_f1_r8.yaml
569,2,16,0.0001,0.17343,0.30025,1,16,EDSR,10,0.0001,0.00001,1,0,mse,average,ReKIS,510,5,config_soft_f1_r16.yaml
568,2,16,0.0001,0.17635,0.30193,1,32,EDSR,10,0.0001,0.00001,1,0,mse,average,ReKIS,830,5,config_soft_f1_r32.yaml
570,2,16,0.0001,0.1608,0.28276,1,64,EDSR,10,0.0001,0.00001,1,0,mse,average,ReKIS,1470,5,config_soft_f1_r64.yaml
563,2,16,0.0001,0.17814,0.30743,1,128,EDSR,10,0.0001,0.00001,1,0,mse,average,ReKIS,2750,5,config_soft_f1_r128.yaml
571,2,16,0.0001,0.15509,0.26678,2,1,EDSR,10,0.0001,0.00001,1,0,mse,average,ReKIS,761,5,config_soft_f2_r1.yaml
572,2,16,0.0001,0.15367,0.26423,2,2,EDSR,10,0.0001,0.00001,1,0,mse,average,ReKIS,837,5,config_soft_f2_r2.yaml
573,2,16,0.0001,0.15461,0.26722,2,4,EDSR,10,0.0001,0.00001,1,0,mse,average,ReKIS,989,5,config_soft_f2_r4.yaml
574,2,16,0.0001,0.14523,0.24639,2,8,EDSR,10,0.0001,0.00001,1,0,mse,average,ReKIS,1293,5,config_soft_f2_r8.yaml
575,2,16,0.0001,0.15333,0.26512,2,16,EDSR,10,0.0001,0.00001,1,0,mse,average,ReKIS,1901,5,config_soft_f2_r16.yaml
576,2,16,0.0001,0.14545,0.25106,2,32,EDSR,10,0.0001,0.00001,1,0,mse,average,ReKIS,3117,5,config_soft_f2_r32.yaml
578,2,16,0.0001,0.14932,0.25715,2,64,EDSR,10,0.0001,0.00001,1,0,mse,average,ReKIS,5549,5,config_soft_f2_r64.yaml
577,2,16,0.0001,0.1582,0.25007,2,128,EDSR,10,0.0001,0.00001,1,0,mse,average,ReKIS,10413,5,config_soft_f2_r128.yaml
580,2,16,0.0001,0.1502,0.25674,4,1,EDSR,10,0.0001,0.00001,1,0,mse,average,ReKIS,2889,5,config_soft_f4_r1.yaml
579,2,16,0.0001,0.14468,0.2442,4,2,EDSR,10,0.0001,0.00001,1,0,mse,average,ReKIS,3185,5,config_soft_f4_r2.yaml
581,2,16,0.0001,0.14154,0.23877,4,4,EDSR,10,0.0001,0.00001,1,0,mse,average,ReKIS,3777,5,config_soft_f4_r4.yaml
582,2,16,0.0001,0.13711,0.23142,4,8,EDSR,10,0.0001,0.00001,1,0,mse,average,ReKIS,4961,5,config_soft_f4_r8.yaml
583,2,16,0.0001,0.13433,0.22787,4,16,EDSR,10,0.0001,0.00001,1,0,mse,average,ReKIS,7329,5,config_soft_f4_r16.yaml
584,2,16,0.0001,0.13112,0.22422,4,32,EDSR,10,0.0001,0.00001,1,0,mse,average,ReKIS,12065,5,config_soft_f4_r32.yaml
585,2,16,0.0001,0.12924,0.22373,4,64,EDSR,10,0.0001,0.00001,1,0,mse,average,ReKIS,21537,5,config_soft_f4_r64.yaml
586,2,16,0.0001,0.13042,0.22703,4,128,EDSR,10,0.0001,0.00001,1,0,mse,average,ReKIS,40481,5,config_soft_f4_r128.yaml
587,2,16,0.0001,0.12035,0.19857,8,1,EDSR,10,0.0001,0.00001,1,0,mse,average,ReKIS,11249,5,config_soft_f8_r1.yaml
588,2,16,0.0001,0.12224,0.20304,8,2,EDSR,10,0.0001,0.00001,1,0,mse,average,ReKIS,12417,5,config_soft_f8_r2.yaml
589,2,16,0.0001,0.11029,0.18439,8,4,EDSR,10,0.0001,0.00001,1,0,mse,average,ReKIS,14753,5,config_soft_f8_r4.yaml
590,2,16,0.0001,0.10487,0.17619,8,8,EDSR,10,0.0001,0.00001,1,0,mse,average,ReKIS,19425,5,config_soft_f8_r8.yaml
591,2,16,0.0001,0.10387,0.17537,8,16,EDSR,10,0.0001,0.00001,1,0,mse,average,ReKIS,28769,5,config_soft_f8_r16.yaml
592,2,16,0.0001,0.0974,0.16458,8,32,EDSR,10,0.0001,0.00001,1,0,mse,average,ReKIS,47457,5,config_soft_f8_r32.yaml
601,2,16,0.0001,0.10154,0.17414,8,64,EDSR,10,0.0001,0.00001,1,0,mse,average,ReKIS,84833,5,config_soft_f8_r64.yaml
602,2,16,0.0001,0.10533,0.18093,8,128,EDSR,10,0.0001,0.00001,1,0,mse,average,ReKIS,159585,5,config_soft_f8_r128.yaml
593,2,16,0.0001,0.08154,0.12913,16,1,EDSR,10,0.0001,0.00001,1,0,mse,average,ReKIS,44385,5,config_soft_f16_r1.yaml
594,2,16,0.0001,0.07001,0.11098,16,2,EDSR,10,0.0001,0.00001,1,0,mse,average,ReKIS,49025,5,config_soft_f16_r2.yaml
595,2,16,0.0001,0.06055,0.09691,16,4,EDSR,10,0.0001,0.00001,1,0,mse,average,ReKIS,58305,5,config_soft_f16_r4.yaml
596,2,16,0.0001,0.05682,0.09157,16,8,EDSR,10,0.0001,0.00001,1,0,mse,average,ReKIS,76865,5,config_soft_f16_r8.yaml
597,2,16,0.0001,0.05933,0.09611,16,16,EDSR,10,0.0001,0.00001,1,0,mse,average,ReKIS,113985,5,config_soft_f16_r16.yaml
598,2,16,0.0001,0.05665,0.09106,16,32,EDSR,10,0.0001,0.00001,1,0,mse,average,ReKIS,188225,5,config_soft_f16_r32.yaml
599,2,16,0.0001,0.06082,0.09983,16,64,EDSR,10,0.0001,0.00001,1,0,mse,average,ReKIS,336705,5,config_soft_f16_r64.yaml
600,2,16,0.0001,0.05946,0.09674,16,128,EDSR,10,0.0001,0.00001,1,0,mse,average,ReKIS,633665,5,config_soft_f16_r128.yaml
603,2,16,0.0001,0.06153,0.09639,32,1,EDSR,10,0.0001,0.00001,1,0,mse,average,ReKIS,176321,5,config_soft_f32_r1.yaml
604,2,16,0.0001,0.04637,0.07019,32,2,EDSR,10,0.0001,0.00001,1,0,mse,average,ReKIS,194817,5,config_soft_f32_r2.yaml
605,2,16,0.0001,0.03567,0.05213,32,4,EDSR,10,0.0001,0.00001,1,0,mse,average,ReKIS,231809,5,config_soft_f32_r4.yaml
606,2,16,0.0001,0.04771,0.07338,32,8,EDSR,10,0.0001,0.00001,1,0,mse,average,ReKIS,305793,5,config_soft_f32_r8.yaml
607,2,16,0.0001,0.04727,0.07258,32,16,EDSR,10,0.0001,0.00001,1,0,mse,average,ReKIS,453761,5,config_soft_f32_r16.yaml
608,2,16,0.0001,0.03917,0.05754,32,32,EDSR,10,0.0001,0.00001,1,0,mse,average,ReKIS,749697,5,config_soft_f32_r32.yaml
609,2,16,0.0001,0.053,0.0837,32,64,EDSR,10,0.0001,0.00001,1,0,mse,average,ReKIS,1341569,5,config_soft_f32_r64.yaml
610,2,16,0.0001,0.03608,0.05115,32,128,EDSR,10,0.0001,0.00001,1,0,mse,average,ReKIS,2525313,5,config_soft_f32_r128.yaml
611,2,16,0.0001,0.07136,0.10957,64,1,EDSR,10,0.0001,0.00001,1,0,mse,average,ReKIS,702849,5,config_soft_f64_r1.yaml
612,2,16,0.0001,0.03435,0.0515,64,2,EDSR,10,0.0001,0.00001,1,0,mse,average,ReKIS,776705,5,config_soft_f64_r2.yaml
613,2,16,0.0001,0.04828,0.07106,64,4,EDSR,10,0.0001,0.00001,1,0,mse,average,ReKIS,924417,5,config_soft_f64_r4.yaml
614,2,16,0.0001,0.04383,0.06457,64,8,EDSR,10,0.0001,0.00001,1,0,mse,average,ReKIS,1219841,5,config_soft_f64_r8.yaml
615,2,16,0.0001,0.0324,0.04702,64,16,EDSR,10,0.0001,0.00001,1,0,mse,average,ReKIS,1810689,5,config_soft_f64_r16.yaml
616,2,16,0.0001,0.038,0.05478,64,32,EDSR,10,0.0001,0.00001,1,0,mse,average,ReKIS,2992385,5,config_soft_f64_r32.yaml
617,2,16,0.0001,0.04861,0.07203,64,64,EDSR,10,0.0001,0.00001,1,0,mse,average,ReKIS,5355777,5,config_soft_f64_r64.yaml
618,2,16,0.0001,0.04358,0.06287,64,128,EDSR,10,0.0001,0.00001,1,0,mse,average,ReKIS,10082561,5,config_soft_f64_r128.yaml
619,2,16,0.0001,0.05311,0.07891,128,1,EDSR,10,0.0001,0.00001,1,0,mse,average,ReKIS,2806529,5,config_soft_f128_r1.yaml
620,2,16,0.0001,0.04853,0.07009,128,2,EDSR,10,0.0001,0.00001,1,0,mse,average,ReKIS,3101697,5,config_soft_f128_r2.yaml
621,2,16,0.0001,0.06388,0.0879,128,4,EDSR,10,0.0001,0.00001,1,0,mse,average,ReKIS,3692033,5,config_soft_f128_r4.yaml
622,2,16,0.0001,0.05465,0.0779,128,8,EDSR,10,0.0001,0.00001,1,0,mse,average,ReKIS,4872705,5,config_soft_f128_r8.yaml
623,2,16,0.0001,0.04359,0.06181,128,16,EDSR,10,0.0001,0.00001,1,0,mse,average,ReKIS,7234049,5,config_soft_f128_r16.yaml
624,2,16,0.0001,0.04648,0.06488,128,32,EDSR,10,0.0001,0.00001,1,0,mse,average,ReKIS,11956737,5,config_soft_f128_r32.yaml
626,2,16,0.0001,0.06086,0.08542,128,64,EDSR,10,0.0001,0.00001,1,0,mse,average,ReKIS,21402113,5,config_soft_f128_r64.yaml
625,2,16,0.0001,0.05564,0.07892,128,128,EDSR,10,0.0001,0.00001,1,0,mse,average,ReKIS,40292865,5,config_soft_f128_r128.yaml
301,10,16,,0.16801,0.27695,1,1,EDSR,10,0.0001,0.00001,0,1,mae,average,ReKIS,210,5,config_hard_f1_r1.yaml
302,10,16,,0.16231,0.26492,1,2,EDSR,10,0.0001,0.00001,0,1,mae,average,ReKIS,230,5,config_hard_f1_r2.yaml
303,10,16,,0.16022,0.26162,1,4,EDSR,10,0.0001,0.00001,0,1,mae,average,ReKIS,270,5,config_hard_f1_r4.yaml
304,10,16,,0.15903,0.25888,1,8,EDSR,10,0.0001,0.00001,0,1,mae,average,ReKIS,350,5,config_hard_f1_r8.yaml
305,10,16,,0.1571,0.25829,1,16,EDSR,10,0.0001,0.00001,0,1,mae,average,ReKIS,510,5,config_hard_f1_r16.yaml
306,10,16,,0.15081,0.24735,1,32,EDSR,10,0.0001,0.00001,0,1,mae,average,ReKIS,830,5,config_hard_f1_r32.yaml
349,10,16,,0.14873,0.24394,1,64,EDSR,10,0.0001,0.00001,0,1,mae,average,ReKIS,1470,5,config_hard_f1_r64.yaml
386,10,16,,0.14744,0.24161,1,128,EDSR,10,0.0001,0.00001,0,1,mae,average,ReKIS,2750,5,config_hard_f1_r128.yaml
307,10,16,,0.14762,0.24798,2,1,EDSR,10,0.0001,0.00001,0,1,mae,average,ReKIS,761,5,config_hard_f2_r1.yaml
308,10,16,,0.14009,0.23244,2,2,EDSR,10,0.0001,0.00001,0,1,mae,average,ReKIS,837,5,config_hard_f2_r2.yaml
309,10,16,,0.14361,0.23856,2,4,EDSR,10,0.0001,0.00001,0,1,mae,average,ReKIS,989,5,config_hard_f2_r4.yaml
310,10,16,,0.14076,0.23403,2,8,EDSR,10,0.0001,0.00001,0,1,mae,average,ReKIS,1293,5,config_hard_f2_r8.yaml
311,10,16,,0.13754,0.22738,2,16,EDSR,10,0.0001,0.00001,0,1,mae,average,ReKIS,1901,5,config_hard_f2_r16.yaml
312,10,16,,0.12905,0.21619,2,32,EDSR,10,0.0001,0.00001,0,1,mae,average,ReKIS,3117,5,config_hard_f2_r32.yaml
313,10,16,,0.13192,0.21969,2,64,EDSR,10,0.0001,0.00001,0,1,mae,average,ReKIS,5549,5,config_hard_f2_r64.yaml
385,10,16,,0.13593,0.22527,2,128,EDSR,10,0.0001,0.00001,0,1,mae,average,ReKIS,10413,5,config_hard_f2_r128.yaml
314,10,16,,0.12748,0.20774,4,1,EDSR,10,0.0001,0.00001,0,1,mae,average,ReKIS,2889,5,config_hard_f4_r1.yaml
315,10,16,,0.12813,0.21,4,2,EDSR,10,0.0001,0.00001,0,1,mae,average,ReKIS,3185,5,config_hard_f4_r2.yaml
316,10,16,,0.11823,0.19355,4,4,EDSR,10,0.0001,0.00001,0,1,mae,average,ReKIS,3777,5,config_hard_f4_r4.yaml
317,10,16,,0.11368,0.1863,4,8,EDSR,10,0.0001,0.00001,0,1,mae,average,ReKIS,4961,5,config_hard_f4_r8.yaml
318,10,16,,0.11715,0.19214,4,16,EDSR,10,0.0001,0.00001,0,1,mae,average,ReKIS,7329,5,config_hard_f4_r16.yaml
319,10,16,,0.10846,0.17901,4,32,EDSR,10,0.0001,0.00001,0,1,mae,average,ReKIS,12065,5,config_hard_f4_r32.yaml
320,10,16,,0.10563,0.1741,4,64,EDSR,10,0.0001,0.00001,0,1,mae,average,ReKIS,21537,5,config_hard_f4_r64.yaml
377,10,16,,0.10739,0.1771,4,128,EDSR,10,0.0001,0.00001,0,1,mae,average,ReKIS,40481,5,config_hard_f4_r128.yaml
321,10,16,,0.10883,0.17547,8,1,EDSR,10,0.0001,0.00001,0,1,mae,average,ReKIS,11249,5,config_hard_f8_r1.yaml
322,10,16,,0.10504,0.16939,8,2,EDSR,10,0.0001,0.00001,0,1,mae,average,ReKIS,12417,5,config_hard_f8_r2.yaml
323,10,16,,0.09345,0.15041,8,4,EDSR,10,0.0001,0.00001,0,1,mae,average,ReKIS,14753,5,config_hard_f8_r4.yaml
324,10,16,,0.08554,0.13996,8,8,EDSR,10,0.0001,0.00001,0,1,mae,average,ReKIS,19425,5,config_hard_f8_r8.yaml
325,10,16,,0.08643,0.14112,8,16,EDSR,10,0.0001,0.00001,0,1,mae,average,ReKIS,28769,5,config_hard_f8_r16.yaml
326,10,16,,0.08078,0.13235,8,32,EDSR,10,0.0001,0.00001,0,1,mae,average,ReKIS,47457,5,config_hard_f8_r32.yaml
327,10,16,,0.08134,0.13337,8,64,EDSR,10,0.0001,0.00001,0,1,mae,average,ReKIS,84833,5,config_hard_f8_r64.yaml
378,10,16,,0.08016,0.13189,8,128,EDSR,10,0.0001,0.00001,0,1,mae,average,ReKIS,159585,5,config_hard_f8_r128.yaml
328,10,16,,0.07996,0.12631,16,1,EDSR,10,0.0001,0.00001,0,1,mae,average,ReKIS,44385,5,config_hard_f16_r1.yaml
329,10,16,,0.07086,0.11146,16,2,EDSR,10,0.0001,0.00001,0,1,mae,average,ReKIS,49025,5,config_hard_f16_r2.yaml
341,10,16,,0.06254,0.09925,16,4,EDSR,10,0.0001,0.00001,0,1,mae,average,ReKIS,58305,5,config_hard_f16_r4.yaml
342,10,16,,0.05742,0.09185,16,8,EDSR,10,0.0001,0.00001,0,1,mae,average,ReKIS,76865,5,config_hard_f16_r8.yaml
343,10,16,,0.05585,0.08945,16,16,EDSR,10,0.0001,0.00001,0,1,mae,average,ReKIS,113985,5,config_hard_f16_r16.yaml
347,10,16,,0.05493,0.08779,16,32,EDSR,10,0.0001,0.00001,0,1,mae,average,ReKIS,188225,5,config_hard_f16_r32.yaml
348,10,16,,0.05561,0.08944,16,64,EDSR,10,0.0001,0.00001,0,1,mae,average,ReKIS,336705,5,config_hard_f16_r64.yaml
380,10,16,,0.05715,0.09215,16,128,EDSR,10,0.0001,0.00001,0,1,mae,average,ReKIS,633665,5,config_hard_f16_r128.yaml
330,10,16,,0.05262,0.0808,32,1,EDSR,10,0.0001,0.00001,0,1,mae,average,ReKIS,176321,5,config_hard_f32_r1.yaml
332,10,16,,0.0388,0.05842,32,2,EDSR,10,0.0001,0.00001,0,1,mae,average,ReKIS,194817,5,config_hard_f32_r2.yaml
331,10,16,,0.03485,0.05092,32,4,EDSR,10,0.0001,0.00001,0,1,mae,average,ReKIS,231809,5,config_hard_f32_r4.yaml
333,10,16,,0.03267,0.04668,32,8,EDSR,10,0.0001,0.00001,0,1,mae,average,ReKIS,305793,5,config_hard_f32_r8.yaml
335,10,16,,0.0322,0.04485,32,16,EDSR,10,0.0001,0.00001,0,1,mae,average,ReKIS,453761,5,config_hard_f32_r16.yaml
336,10,16,,0.03355,0.04733,32,32,EDSR,10,0.0001,0.00001,0,1,mae,average,ReKIS,749697,5,config_hard_f32_r32.yaml
334,10,16,,0.03213,0.04398,32,64,EDSR,10,0.0001,0.00001,0,1,mae,average,ReKIS,1341569,5,config_hard_f32_r64.yaml
365,10,16,,0.03182,0.04313,32,128,EDSR,10,0.0001,0.00001,0,1,mae,average,ReKIS,2525313,5,config_hard_f32_r128.yaml
337,10,16,,0.03717,0.05929,64,1,EDSR,10,0.0001,0.00001,0,1,mae,average,ReKIS,702849,5,config_hard_f64_r1.yaml
338,10,16,,0.02947,0.04349,64,2,EDSR,10,0.0001,0.00001,0,1,mae,average,ReKIS,776705,5,config_hard_f64_r2.yaml
339,10,16,,0.0275,0.03713,64,4,EDSR,10,0.0001,0.00001,0,1,mae,average,ReKIS,924417,5,config_hard_f64_r4.yaml
340,10,16,,0.02687,0.03448,64,8,EDSR,10,0.0001,0.00001,0,1,mae,average,ReKIS,1219841,5,config_hard_f64_r8.yaml
344,10,16,,0.02645,0.03293,64,16,EDSR,10,0.0001,0.00001,0,1,mae,average,ReKIS,1810689,5,config_hard_f64_r16.yaml
345,10,16,,0.02701,0.035,64,32,EDSR,10,0.0001,0.00001,0,1,mae,average,ReKIS,2992385,5,config_hard_f64_r32.yaml
346,10,16,,0.02657,0.03308,64,64,EDSR,10,0.0001,0.00001,0,1,mae,average,ReKIS,5355777,5,config_hard_f64_r64.yaml
366,10,16,,0.02645,0.03278,64,128,EDSR,10,0.0001,0.00001,0,1,mae,average,ReKIS,10082561,5,config_hard_f64_r128.yaml
390,10,16,,0.03155,0.0519,128,1,EDSR,10,0.0001,0.00001,0,1,mae,average,ReKIS,2806529,5,config_hard_f128_r1.yaml
391,10,16,,0.0273,0.0362,128,2,EDSR,10,0.0001,0.00001,0,1,mae,average,ReKIS,3101697,5,config_hard_f128_r2.yaml
392,10,16,,0.02653,0.03308,128,4,EDSR,10,0.0001,0.00001,0,1,mae,average,ReKIS,3692033,5,config_hard_f128_r4.yaml
393,10,16,,0.02654,0.03315,128,8,EDSR,10,0.0001,0.00001,0,1,mae,average,ReKIS,4872705,5,config_hard_f128_r8.yaml
394,10,16,,0.02644,0.03291,128,16,EDSR,10,0.0001,0.00001,0,1,mae,average,ReKIS,7234049,5,config_hard_f128_r16.yaml
395,10,16,,0.02644,0.03295,128,32,EDSR,10,0.0001,0.00001,0,1,mae,average,ReKIS,11956737,5,config_hard_f128_r32.yaml
628,10,16,,0.02631,0.03223,128,64,EDSR,10,0.0001,0.00001,0,1,mae,average,ReKIS,21402113,5,config_hard_f128_r64.yaml
396,10,16,,0.02671,0.03334,128,128,EDSR,10,0.0001,0.00001,0,1,mae,average,ReKIS,40292865,5,config_hard_f128_r128.yaml
